"FilePath","FileName","Extension","MatchedKeywords","KeywordCount","FileSize"
"C:\Users\USER\crypto-signal-ai\marketing\10_strategy\marketing_hits.md","marketing_hits.md",".md","marketing, マーケティング, campaign, キャンペーン, promotion, advertising, 広告, SEO, content, コンテンツ, social media, SNS, email, メール, launch, ローンチ, target, ターゲット, audience, customer, brand, messaging, メッセージング, conversion, コンバージョン, ファネル, acquisition, 獲得, retention, リテンション, engagement, growth, strategy, 戦略, plan, 計画, roadmap, ロードマップ, telegram, discord, twitter, community, コミュニティ, signal, シグナル, subscriber, user, ユーザー, pricing, 価格, revenue, 収益, monetization, GTM, go-to-market, MVP, whop, landing page, ランディングページ","59","22547702"
"C:\Users\USER\crypto-signal-ai\marketing\10_extracted\marketing_hits.md","marketing_hits.md",".md","marketing, マーケティング, campaign, キャンペーン, promotion, advertising, 広告, SEO, content, コンテンツ, social media, SNS, email, メール, launch, ローンチ, target, ターゲット, audience, customer, brand, messaging, メッセージング, conversion, コンバージョン, ファネル, acquisition, 獲得, retention, リテンション, engagement, growth, strategy, 戦略, plan, 計画, roadmap, ロードマップ, telegram, discord, twitter, community, コミュニティ, signal, シグナル, subscriber, user, ユーザー, pricing, 価格, revenue, 収益, monetization, GTM, go-to-market, MVP, whop, landing page, ランディングページ","59","22547702"
"C:\Users\USER\crypto-signal-ai\marketing\30_assets\_src\marketing_hits.md","marketing_hits.md",".md","marketing, マーケティング, campaign, キャンペーン, promotion, advertising, 広告, SEO, content, コンテンツ, social media, SNS, email, メール, launch, ローンチ, target, ターゲット, audience, customer, brand, messaging, メッセージング, conversion, コンバージョン, ファネル, acquisition, 獲得, retention, リテンション, engagement, growth, strategy, 戦略, plan, 計画, roadmap, ロードマップ, telegram, discord, twitter, community, コミュニティ, signal, シグナル, subscriber, user, ユーザー, pricing, 価格, revenue, 収益, monetization, GTM, go-to-market, MVP, whop, landing page, ランディングページ","59","22547702"
"C:\Users\USER\crypto-signal-ai\marketing\30_assets\_src\marketing_summary_consolidated.md","marketing_summary_consolidated.md",".md","marketing, マーケティング, campaign, キャンペーン, promotion, advertising, 広告, SEO, content, コンテンツ, social media, SNS, email, メール, launch, ローンチ, target, ターゲット, audience, customer, brand, messaging, メッセージング, conversion, コンバージョン, ファネル, acquisition, 獲得, retention, リテンション, engagement, growth, strategy, 戦略, plan, 計画, roadmap, ロードマップ, telegram, discord, twitter, community, コミュニティ, signal, シグナル, subscriber, user, ユーザー, pricing, 価格, revenue, 収益, monetization, GTM, go-to-market, MVP, whop, landing page, ランディングページ","59","13659099"
"C:\Users\USER\crypto-signal-ai\marketing\00_overview\marketing_summary_consolidated.md","marketing_summary_consolidated.md",".md","marketing, マーケティング, campaign, キャンペーン, promotion, advertising, 広告, SEO, content, コンテンツ, social media, SNS, email, メール, launch, ローンチ, target, ターゲット, audience, customer, brand, messaging, メッセージング, conversion, コンバージョン, ファネル, acquisition, 獲得, retention, リテンション, engagement, growth, strategy, 戦略, plan, 計画, roadmap, ロードマップ, telegram, discord, twitter, community, コミュニティ, signal, シグナル, subscriber, user, ユーザー, pricing, 価格, revenue, 収益, monetization, GTM, go-to-market, MVP, whop, landing page, ランディングページ","59","13659099"
"C:\Users\USER\crypto-signal-ai\marketing\20_summary\marketing_summary_consolidated.md","marketing_summary_consolidated.md",".md","marketing, マーケティング, campaign, キャンペーン, promotion, advertising, 広告, SEO, content, コンテンツ, social media, SNS, email, メール, launch, ローンチ, target, ターゲット, audience, customer, brand, messaging, メッセージング, conversion, コンバージョン, ファネル, acquisition, 獲得, retention, リテンション, engagement, growth, strategy, 戦略, plan, 計画, roadmap, ロードマップ, telegram, discord, twitter, community, コミュニティ, signal, シグナル, subscriber, user, ユーザー, pricing, 価格, revenue, 収益, monetization, GTM, go-to-market, MVP, whop, landing page, ランディングページ","59","13659099"
"C:\Users\USER\crypto-signal-ai\docs\REVENUE_SIMULATION_PDCA.md","REVENUE_SIMULATION_PDCA.md",".md","marketing, campaign, キャンペーン, SNS, email, メール, launch, target, ターゲット, messaging, conversion, acquisition, retention, リテンション, engagement, strategy, plan, 計画, discord, twitter, community, signal, user, ユーザー, pricing, revenue, 収益, MVP, whop, landing page","30","13102"
"C:\Users\USER\crypto-signal-ai_remote\docs\REVENUE_SIMULATION_PDCA.md","REVENUE_SIMULATION_PDCA.md",".md","marketing, campaign, キャンペーン, SNS, email, メール, launch, target, ターゲット, messaging, conversion, acquisition, retention, リテンション, engagement, strategy, plan, 計画, discord, twitter, community, signal, user, ユーザー, pricing, revenue, 収益, MVP, whop, landing page","30","12544"
"C:\Users\USER\crypto-signal-ai\docs\STRATEGY_COMPLETE_FINAL_NOV3.md","STRATEGY_COMPLETE_FINAL_NOV3.md",".md","marketing, campaign, SNS, launch, target, customer, retention, engagement, growth, strategy, 戦略, roadmap, telegram, discord, twitter, community, signal, シグナル, user, pricing, revenue, MVP, whop, landing page","24","5654"
"C:\Users\USER\crypto-signal-ai_remote\docs\STRATEGY_COMPLETE_FINAL_NOV3.md","STRATEGY_COMPLETE_FINAL_NOV3.md",".md","marketing, campaign, SNS, launch, target, customer, retention, engagement, growth, strategy, 戦略, roadmap, telegram, discord, twitter, community, signal, シグナル, user, pricing, revenue, MVP, whop, landing page","24","5451"
"C:\Users\USER\crypto-signal-ai\marketing\MARKETING_STRATEGY.md","MARKETING_STRATEGY.md",".md","マーケティング, ローンチ, ターゲット, conversion, 獲得, engagement, strategy, 戦略, ロードマップ, telegram, discord, twitter, community, コミュニティ, シグナル, ユーザー, 価格, revenue, 収益, go-to-market, MVP, whop","22","5115"
"C:\Users\USER\crypto-signal-ai_remote\marketing\MARKETING_STRATEGY.md","MARKETING_STRATEGY.md",".md","マーケティング, ローンチ, ターゲット, conversion, 獲得, engagement, strategy, 戦略, ロードマップ, telegram, discord, twitter, community, コミュニティ, シグナル, ユーザー, 価格, revenue, 収益, go-to-market, MVP, whop","22","4913"
"C:\Users\USER\crypto-signal-ai\marketing\30_assets\_src\MARKETING_STRATEGY.md","MARKETING_STRATEGY.md",".md","マーケティング, ローンチ, ターゲット, conversion, 獲得, engagement, strategy, 戦略, ロードマップ, telegram, discord, twitter, community, コミュニティ, シグナル, ユーザー, 価格, revenue, 収益, go-to-market, MVP, whop","22","5115"
"C:\Users\USER\crypto-signal-ai_remote\docs\STRATEGY_COMPLETE_FINAL_V1.1.md","STRATEGY_COMPLETE_FINAL_V1.1.md",".md","メール, launch, target, retention, リテンション, strategy, 戦略, telegram, twitter, コミュニティ, signal, シグナル, user, ユーザー, pricing, 価格, revenue, MVP, whop","19","4112"
"C:\Users\USER\crypto-signal-ai\docs\TIMELINE_DETAILED.md","TIMELINE_DETAILED.md",".md","SNS, メール, launch, ローンチ, メッセージング, 獲得, リテンション, telegram, discord, twitter, コミュニティ, signal, シグナル, user, ユーザー, 価格, MVP, whop, landing page","19","1687"
"C:\Users\USER\crypto-signal-ai_remote\docs\TIMELINE_DETAILED.md","TIMELINE_DETAILED.md",".md","SNS, メール, launch, ローンチ, メッセージング, 獲得, リテンション, telegram, discord, twitter, コミュニティ, signal, シグナル, user, ユーザー, 価格, MVP, whop, landing page","19","1614"
"C:\Users\USER\crypto-signal-ai\docs\STRATEGY_COMPLETE_FINAL_V1.1.md","STRATEGY_COMPLETE_FINAL_V1.1.md",".md","メール, launch, target, retention, リテンション, strategy, 戦略, telegram, twitter, コミュニティ, signal, シグナル, user, ユーザー, pricing, 価格, revenue, MVP, whop","19","4257"
"C:\Users\USER\crypto-signal-ai\docs\go-to-market\PLATFORM_ROADMAP.md","PLATFORM_ROADMAP.md",".md","マーケティング, 広告, email, ローンチ, ターゲット, strategy, 戦略, 計画, ロードマップ, telegram, discord, twitter, コミュニティ, シグナル, ユーザー, revenue, MVP, whop","18","6095"
"C:\Users\USER\crypto-signal-ai_remote\docs\go-to-market\PLATFORM_ROADMAP.md","PLATFORM_ROADMAP.md",".md","マーケティング, 広告, email, ローンチ, ターゲット, strategy, 戦略, 計画, ロードマップ, telegram, discord, twitter, コミュニティ, シグナル, ユーザー, revenue, MVP, whop","18","5829"
"C:\Users\USER\crypto-signal-ai\docs\STRATEGY_COMPLETE_NOV3.md","STRATEGY_COMPLETE_NOV3.md",".md","launch, target, customer, strategy, 戦略, telegram, twitter, signal, シグナル, user, pricing, 価格, revenue, MVP, whop","15","3986"
"C:\Users\USER\crypto-signal-ai\marketing\30_assets\_src\INTEGRATED_MARKETING_REVENUE_NOV3.md","INTEGRATED_MARKETING_REVENUE_NOV3.md",".md","マーケティング, キャンペーン, SNS, email, launch, ローンチ, ファネル, リテンション, 戦略, plan, ロードマップ, signal, 収益, MVP, whop","15","5922"
"C:\Users\USER\crypto-signal-ai\docs\INTEGRATED_MARKETING_REVENUE_NOV3.md","INTEGRATED_MARKETING_REVENUE_NOV3.md",".md","マーケティング, キャンペーン, SNS, email, launch, ローンチ, ファネル, リテンション, 戦略, plan, ロードマップ, signal, 収益, MVP, whop","15","5922"
"C:\Users\USER\crypto-signal-ai_remote\docs\STRATEGY_COMPLETE_NOV3.md","STRATEGY_COMPLETE_NOV3.md",".md","launch, target, customer, strategy, 戦略, telegram, twitter, signal, シグナル, user, pricing, 価格, revenue, MVP, whop","15","3817"
"C:\Users\USER\crypto-signal-ai_remote\docs\TIMELINE_DETAILED_FINAL.md","TIMELINE_DETAILED_FINAL.md",".md","email, launch, 獲得, retention, discord, twitter, signal, シグナル, user, ユーザー, revenue, MVP, whop","13","1151"
"C:\Users\USER\crypto-signal-ai\docs\TIMELINE_DETAILED_FINAL.md","TIMELINE_DETAILED_FINAL.md",".md","email, launch, 獲得, retention, discord, twitter, signal, シグナル, user, ユーザー, revenue, MVP, whop","13","1214"
"C:\Users\USER\crypto-signal-ai\marketing\30_assets\_src\IMPLEMENTATION_GUIDE_PRICING.md","IMPLEMENTATION_GUIDE_PRICING.md",".md","content, メール, コンバージョン, リテンション, telegram, discord, コミュニティ, signal, シグナル, ユーザー, 価格, whop","12","1977"
"C:\Users\USER\crypto-signal-ai\docs\go-to-market\PLATFORM_SELECTION_MATRIX.md","PLATFORM_SELECTION_MATRIX.md",".md","ローンチ, strategy, 戦略, 計画, telegram, discord, コミュニティ, signal, シグナル, ユーザー, MVP, whop","12","5693"
"C:\Users\USER\crypto-signal-ai_remote\docs\go-to-market\PLATFORM_SELECTION_MATRIX.md","PLATFORM_SELECTION_MATRIX.md",".md","ローンチ, strategy, 戦略, 計画, telegram, discord, コミュニティ, signal, シグナル, ユーザー, MVP, whop","12","5516"
"C:\Users\USER\crypto-signal-ai\docs\business\financials\REVENUE_PROJECTIONS.md","REVENUE_PROJECTIONS.md",".md","マーケティング, 獲得, strategy, 戦略, twitter, コミュニティ, ユーザー, 収益, GTM, go-to-market, whop, ランディングページ","12","5658"
"C:\Users\USER\crypto-signal-ai_remote\docs\IMPLEMENTATION_GUIDE_PRICING.md","IMPLEMENTATION_GUIDE_PRICING.md",".md","content, メール, コンバージョン, リテンション, telegram, discord, コミュニティ, signal, シグナル, ユーザー, 価格, whop","12","1914"
"C:\Users\USER\crypto-signal-ai_remote\docs\business\financials\REVENUE_PROJECTIONS.md","REVENUE_PROJECTIONS.md",".md","マーケティング, 獲得, strategy, 戦略, twitter, コミュニティ, ユーザー, 収益, GTM, go-to-market, whop, ランディングページ","12","5393"
"C:\Users\USER\crypto-signal-ai\docs\IMPLEMENTATION_GUIDE_PRICING.md","IMPLEMENTATION_GUIDE_PRICING.md",".md","content, メール, コンバージョン, リテンション, telegram, discord, コミュニティ, signal, シグナル, ユーザー, 価格, whop","12","1977"
"C:\Users\USER\crypto-signal-ai\node_modules\mime-db\db.json","db.json",".json","content, SNS, email, launch, target, plan, community, signal, subscriber, user, GTM","11","203840"
"C:\Users\USER\crypto-signal-ai_remote\docs\README_MASTER.md","README_MASTER.md",".md","launch, retention, strategy, 戦略, signal, シグナル, user, pricing, 価格, 収益, MVP","11","1256"
"C:\Users\USER\crypto-signal-ai\node_modules\request\node_modules\mime-db\db.json","db.json",".json","content, SNS, email, launch, target, plan, community, signal, subscriber, user, GTM","11","185882"
"C:\Users\USER\crypto-signal-ai\docs\README_MASTER.md","README_MASTER.md",".md","launch, retention, strategy, 戦略, signal, シグナル, user, pricing, 価格, 収益, MVP","11","1320"
"C:\Users\USER\crypto-signal-ai\node_modules\typescript\lib\ja\diagnosticMessages.generated.json","diagnosticMessages.generated.json",".json","content, コンテンツ, target, ターゲット, messaging, conversion, acquisition, strategy, 戦略, user, ユーザー","11","383519"
"C:\Users\USER\crypto-signal-ai\docs\decisions\DECISION_LOG.md","DECISION_LOG.md",".md","ローンチ, strategy, 戦略, telegram, discord, コミュニティ, signal, ユーザー, go-to-market, MVP, whop","11","1749"
"C:\Users\USER\crypto-signal-ai_remote\docs\decisions\DECISION_LOG.md","DECISION_LOG.md",".md","ローンチ, strategy, 戦略, telegram, discord, コミュニティ, signal, ユーザー, go-to-market, MVP, whop","11","1689"
"C:\Users\USER\crypto-signal-ai_remote\node_modules\typescript\lib\ja\diagnosticMessages.generated.json","diagnosticMessages.generated.json",".json","content, コンテンツ, target, ターゲット, messaging, conversion, acquisition, strategy, 戦略, user, ユーザー","11","383519"
"C:\Users\USER\crypto-signal-ai\node_modules\form-data\node_modules\mime-db\db.json","db.json",".json","content, SNS, email, launch, target, plan, community, signal, subscriber, user, GTM","11","185882"
"C:\Users\USER\crypto-signal-ai\MASTER_INDEX.md","MASTER_INDEX.md",".md","marketing, マーケティング, launch, strategy, plan, roadmap, signal, revenue, GTM, go-to-market","10","723"
"C:\Users\USER\crypto-signal-ai_remote\docs\README.md","README.md",".md","launch, ローンチ, audience, strategy, plan, roadmap, signal, pricing, monetization, MVP","10","5723"
"C:\Users\USER\crypto-signal-ai_remote\MASTER_INDEX.md","MASTER_INDEX.md",".md","marketing, マーケティング, launch, strategy, plan, roadmap, signal, revenue, GTM, go-to-market","10","702"
"C:\Users\USER\crypto-signal-ai\docs\README.md","README.md",".md","launch, ローンチ, audience, strategy, plan, roadmap, signal, pricing, monetization, MVP","10","5776"
"C:\Users\USER\crypto-signal-ai\project-structure.txt","project-structure.txt",".txt","marketing, promotion, content, conversion, telegram, twitter, signal, user, revenue","9","1290358"
"C:\Users\USER\crypto-signal-ai\README.md","README.md",".md","email, target, ロードマップ, telegram, signal, シグナル, user, 価格, MVP","9","6436"
"C:\Users\USER\crypto-signal-ai\docs\PROJECT_STATUS.md","PROJECT_STATUS.md",".md","launch, ローンチ, strategy, 計画, roadmap, twitter, signal, revenue, whop","9","3853"
"C:\Users\USER\crypto-signal-ai_remote\project-structure.txt","project-structure.txt",".txt","marketing, promotion, content, conversion, telegram, twitter, signal, user, revenue","9","1290358"
"C:\Users\USER\crypto-signal-ai_remote\docs\PROJECT_STATUS.md","PROJECT_STATUS.md",".md","launch, ローンチ, strategy, 計画, roadmap, twitter, signal, revenue, whop","9","3691"
"C:\Users\USER\crypto-signal-ai\node_modules\axios\README.md","README.md",".md","campaign, content, social media, target, plan, community, signal, user, pricing","9","74328"
"C:\Users\USER\crypto-signal-ai_remote\node_modules\typescript\lib\fr\diagnosticMessages.generated.json","diagnosticMessages.generated.json",".json","content, target, messaging, conversion, acquisition, strategy, signal, user","8","348137"
"C:\Users\USER\crypto-signal-ai\node_modules\typescript\lib\fr\diagnosticMessages.generated.json","diagnosticMessages.generated.json",".json","content, target, messaging, conversion, acquisition, strategy, signal, user","8","348137"
"C:\Users\USER\crypto-signal-ai\node_modules\typescript\lib\tr\diagnosticMessages.generated.json","diagnosticMessages.generated.json",".json","content, target, messaging, conversion, acquisition, strategy, plan, user","8","332805"
"C:\Users\USER\crypto-signal-ai_remote\node_modules\typescript\lib\tr\diagnosticMessages.generated.json","diagnosticMessages.generated.json",".json","content, target, messaging, conversion, acquisition, strategy, plan, user","8","332805"
"C:\Users\USER\crypto-signal-ai\PROJECT_STATE_OF_TRUTH.md","PROJECT_STATE_OF_TRUTH.md",".md","ローンチ, telegram, twitter, signal, シグナル, user, ユーザー, 価格","8","12851"
"C:\Users\USER\crypto-signal-ai_remote\PROJECT_STATE_OF_TRUTH.md","PROJECT_STATE_OF_TRUTH.md",".md","ローンチ, telegram, twitter, signal, シグナル, user, ユーザー, 価格","8","12474"
"C:\Users\USER\crypto-signal-ai\node_modules\typescript\lib\es\diagnosticMessages.generated.json","diagnosticMessages.generated.json",".json","content, target, messaging, conversion, acquisition, strategy, plan, user","8","342175"
"C:\Users\USER\crypto-signal-ai_remote\node_modules\typescript\lib\es\diagnosticMessages.generated.json","diagnosticMessages.generated.json",".json","content, target, messaging, conversion, acquisition, strategy, plan, user","8","342175"
"C:\Users\USER\crypto-signal-ai\CRITICAL_SSOT.md","CRITICAL_SSOT.md",".md","strategy, 戦略, roadmap, revenue, 収益, GTM, go-to-market","7","841"
"C:\Users\USER\crypto-signal-ai\node_modules\typescript\lib\it\diagnosticMessages.generated.json","diagnosticMessages.generated.json",".json","content, target, messaging, conversion, acquisition, strategy, user","7","341530"
"C:\Users\USER\crypto-signal-ai\node_modules\node-fetch\README.md","README.md",".md","SEO, content, target, discord, twitter, signal, user","7","29109"
"C:\Users\USER\crypto-signal-ai\node_modules\typescript\lib\zh-cn\diagnosticMessages.generated.json","diagnosticMessages.generated.json",".json","content, target, messaging, conversion, acquisition, strategy, user","7","298030"
"C:\Users\USER\crypto-signal-ai\node_modules\typescript\lib\de\diagnosticMessages.generated.json","diagnosticMessages.generated.json",".json","content, target, messaging, conversion, acquisition, strategy, user","7","346547"
"C:\Users\USER\crypto-signal-ai\node_modules\typescript\lib\ru\diagnosticMessages.generated.json","diagnosticMessages.generated.json",".json","content, target, messaging, conversion, acquisition, strategy, user","7","445708"
"C:\Users\USER\crypto-signal-ai_remote\CRITICAL_SSOT.md","CRITICAL_SSOT.md",".md","strategy, 戦略, roadmap, revenue, 収益, GTM, go-to-market","7","826"
"C:\Users\USER\crypto-signal-ai_remote\QUICKSTART.md","QUICKSTART.md",".md","launch, ローンチ, discord, signal, 価格, MVP, whop","7","1712"
"C:\Users\USER\crypto-signal-ai\node_modules\typescript\lib\pl\diagnosticMessages.generated.json","diagnosticMessages.generated.json",".json","content, target, messaging, conversion, acquisition, strategy, user","7","344232"
"C:\Users\USER\crypto-signal-ai_remote\docs\ENGINEERING_DOR_DOD.md","ENGINEERING_DOR_DOD.md",".md","メール, ローンチ, discord, signal, シグナル, MVP, whop","7","3425"
"C:\Users\USER\crypto-signal-ai\node_modules\google-auth-library\README.md","README.md",".md","content, email, launch, target, audience, customer, user","7","85762"
"C:\Users\USER\crypto-signal-ai\node_modules\typescript\lib\pt-br\diagnosticMessages.generated.json","diagnosticMessages.generated.json",".json","content, target, messaging, conversion, acquisition, strategy, user","7","332603"
"C:\Users\USER\crypto-signal-ai\node_modules\typescript\lib\cs\diagnosticMessages.generated.json","diagnosticMessages.generated.json",".json","content, target, messaging, conversion, acquisition, strategy, user","7","322574"
"C:\Users\USER\crypto-signal-ai\node_modules\typescript\lib\zh-tw\diagnosticMessages.generated.json","diagnosticMessages.generated.json",".json","content, target, messaging, conversion, acquisition, strategy, user","7","294653"
"C:\Users\USER\crypto-signal-ai\node_modules\typescript\lib\ko\diagnosticMessages.generated.json","diagnosticMessages.generated.json",".json","content, target, messaging, conversion, acquisition, strategy, user","7","348260"
"C:\Users\USER\crypto-signal-ai_remote\node_modules\typescript\lib\ko\diagnosticMessages.generated.json","diagnosticMessages.generated.json",".json","content, target, messaging, conversion, acquisition, strategy, user","7","348260"
"C:\Users\USER\crypto-signal-ai_remote\node_modules\typescript\lib\pl\diagnosticMessages.generated.json","diagnosticMessages.generated.json",".json","content, target, messaging, conversion, acquisition, strategy, user","7","344232"
"C:\Users\USER\crypto-signal-ai_remote\node_modules\typescript\lib\pt-br\diagnosticMessages.generated.json","diagnosticMessages.generated.json",".json","content, target, messaging, conversion, acquisition, strategy, user","7","332603"
"C:\Users\USER\crypto-signal-ai_remote\node_modules\typescript\lib\it\diagnosticMessages.generated.json","diagnosticMessages.generated.json",".json","content, target, messaging, conversion, acquisition, strategy, user","7","341530"
"C:\Users\USER\crypto-signal-ai_remote\node_modules\typescript\lib\cs\diagnosticMessages.generated.json","diagnosticMessages.generated.json",".json","content, target, messaging, conversion, acquisition, strategy, user","7","322574"
"C:\Users\USER\crypto-signal-ai_remote\node_modules\typescript\lib\de\diagnosticMessages.generated.json","diagnosticMessages.generated.json",".json","content, target, messaging, conversion, acquisition, strategy, user","7","346547"
"C:\Users\USER\crypto-signal-ai\docs\specifications\sim-ai-copilot-spec.md","sim-ai-copilot-spec.md",".md","engagement, 計画, telegram, twitter, signal, シグナル, 価格","7","24348"
"C:\Users\USER\crypto-signal-ai_remote\node_modules\typescript\lib\zh-tw\diagnosticMessages.generated.json","diagnosticMessages.generated.json",".json","content, target, messaging, conversion, acquisition, strategy, user","7","294653"
"C:\Users\USER\crypto-signal-ai_remote\docs\specifications\sim-ai-copilot-spec.md","sim-ai-copilot-spec.md",".md","engagement, 計画, telegram, twitter, signal, シグナル, 価格","7","23617"
"C:\Users\USER\crypto-signal-ai\QUICKSTART.md","QUICKSTART.md",".md","launch, ローンチ, discord, signal, 価格, MVP, whop","7","1780"
"C:\Users\USER\crypto-signal-ai_remote\node_modules\typescript\lib\zh-cn\diagnosticMessages.generated.json","diagnosticMessages.generated.json",".json","content, target, messaging, conversion, acquisition, strategy, user","7","298030"
"C:\Users\USER\crypto-signal-ai\docs\ENGINEERING_DOR_DOD.md","ENGINEERING_DOR_DOD.md",".md","メール, ローンチ, discord, signal, シグナル, MVP, whop","7","3517"
"C:\Users\USER\crypto-signal-ai_remote\node_modules\typescript\lib\ru\diagnosticMessages.generated.json","diagnosticMessages.generated.json",".json","content, target, messaging, conversion, acquisition, strategy, user","7","445708"
"C:\Users\USER\crypto-signal-ai_remote\docs\PRICING_BREAKDOWN.md","PRICING_BREAKDOWN.md",".md","顧客, 戦略, signal, シグナル, 価格, whop","6","1376"
"C:\Users\USER\crypto-signal-ai\node_modules\dotenv\CHANGELOG.md","CHANGELOG.md",".md","campaign, content, email, target, community, user","6","21194"
"C:\Users\USER\crypto-signal-ai\marketing\30_assets\_src\PRICING_BREAKDOWN.md","PRICING_BREAKDOWN.md",".md","顧客, 戦略, signal, シグナル, 価格, whop","6","1447"
"C:\Users\USER\crypto-signal-ai\docs\PROVIDER_STRATEGY.md","PROVIDER_STRATEGY.md",".md","strategy, discord, signal, シグナル, 価格, whop","6","2114"
"C:\Users\USER\crypto-signal-ai\node_modules\typescript\README.md","README.md",".md","plan, roadmap, discord, twitter, community, user","6","2842"
"C:\Users\USER\crypto-signal-ai\docs\PRICING_BREAKDOWN.md","PRICING_BREAKDOWN.md",".md","顧客, 戦略, signal, シグナル, 価格, whop","6","1447"
"C:\Users\USER\crypto-signal-ai_remote\docs\PROVIDER_STRATEGY.md","PROVIDER_STRATEGY.md",".md","strategy, discord, signal, シグナル, 価格, whop","6","2052"
"C:\Users\USER\crypto-signal-ai_remote\node_modules\typescript\README.md","README.md",".md","plan, roadmap, discord, twitter, community, user","6","2792"
"C:\Users\USER\crypto-signal-ai\package-lock.json","package-lock.json",".json","SEO, content, signal, GTM, MVP","5","113452"
"C:\Users\USER\crypto-signal-ai_remote\docs\RELEASE.md","RELEASE.md",".md","launch, target, messaging, conversion, plan","5","344"
"C:\Users\USER\crypto-signal-ai\node_modules\typescript\ThirdPartyNoticeText.txt","ThirdPartyNoticeText.txt",".txt","advertising, content, target, community, user","5","37824"
"C:\Users\USER\crypto-signal-ai\marketing\30_assets\_src\PRICING_BREAKDOWN_FINAL.md","PRICING_BREAKDOWN_FINAL.md",".md","戦略, signal, シグナル, 価格, whop","5","1280"
"C:\Users\USER\crypto-signal-ai_remote\node_modules\typescript\ThirdPartyNoticeText.txt","ThirdPartyNoticeText.txt",".txt","advertising, content, target, community, user","5","37631"
"C:\Users\USER\crypto-signal-ai\marketing\30_assets\_src\MARKETING_SCHEME_NOV3.md","MARKETING_SCHEME_NOV3.md",".md","マーケティング, ローンチ, ファネル, 計画, signal","5","2894"
"C:\Users\USER\crypto-signal-ai\docs\MARKETING_SCHEME_NOV3.md","MARKETING_SCHEME_NOV3.md",".md","マーケティング, ローンチ, ファネル, 計画, signal","5","2894"
"C:\Users\USER\crypto-signal-ai\node_modules\gcp-metadata\README.md","README.md",".md","content, email, launch, target, user","5","8509"
"C:\Users\USER\crypto-signal-ai\node_modules\ajv\README.md","README.md",".md","campaign, content, email, community, user","5","85598"
"C:\Users\USER\crypto-signal-ai\docs\MVP_KPI_TRACKING.md","MVP_KPI_TRACKING.md",".md","acquisition, retention, シグナル, revenue, MVP","5","695"
"C:\Users\USER\crypto-signal-ai\node_modules\.package-lock.json",".package-lock.json",".json","SEO, content, signal, GTM, MVP","5","112787"
"C:\Users\USER\crypto-signal-ai\docs\PROVIDER_PHASES.md","PROVIDER_PHASES.md",".md","telegram, twitter, signal, 価格, MVP","5","829"
"C:\Users\USER\crypto-signal-ai\docs\PRICING_BREAKDOWN_FINAL.md","PRICING_BREAKDOWN_FINAL.md",".md","戦略, signal, シグナル, 価格, whop","5","1280"
"C:\Users\USER\crypto-signal-ai\node_modules\axios\CHANGELOG.md","CHANGELOG.md",".md","content, target, conversion, signal, user","5","94437"
"C:\Users\USER\crypto-signal-ai_remote\docs\PROVIDER_PHASES.md","PROVIDER_PHASES.md",".md","telegram, twitter, signal, 価格, MVP","5","788"
"C:\Users\USER\crypto-signal-ai_remote\docs\MVP_KPI_TRACKING.md","MVP_KPI_TRACKING.md",".md","acquisition, retention, シグナル, revenue, MVP","5","677"
"C:\Users\USER\crypto-signal-ai_remote\docs\MARKETING_SCHEME_NOV3.md","MARKETING_SCHEME_NOV3.md",".md","マーケティング, ローンチ, ファネル, 計画, signal","5","2829"
"C:\Users\USER\crypto-signal-ai_remote\node_modules\.package-lock.json",".package-lock.json",".json","SEO, content, signal, GTM, MVP","5","112787"
"C:\Users\USER\crypto-signal-ai\node_modules\safe-buffer\README.md","README.md",".md","content, retention, plan, signal, user","5","19555"
"C:\Users\USER\crypto-signal-ai_remote\package-lock.json","package-lock.json",".json","SEO, content, signal, GTM, MVP","5","113452"
"C:\Users\USER\crypto-signal-ai\node_modules\request\README.md","README.md",".md","SEO, content, launch, twitter, user","5","46383"
"C:\Users\USER\crypto-signal-ai_remote\docs\PRICING_BREAKDOWN_FINAL.md","PRICING_BREAKDOWN_FINAL.md",".md","戦略, signal, シグナル, 価格, whop","5","1218"
"C:\Users\USER\crypto-signal-ai\docs\DEVELOPMENT_WORKFLOW_PERPLEXITY_INTEGRATION.md","DEVELOPMENT_WORKFLOW_PERPLEXITY_INTEGRATION.md",".md","signal, user, ユーザー, MVP","4","3394"
"C:\Users\USER\crypto-signal-ai\node_modules\glob\README.md","README.md",".md","content, plan, signal, user","4","49648"
"C:\Users\USER\crypto-signal-ai\node_modules\mime\types.json","types.json",".json","email, launch, plan, GTM","4","31555"
"C:\Users\USER\crypto-signal-ai\node_modules\punycode\README.md","README.md",".md","email, conversion, twitter, user","4","5719"
"C:\Users\USER\crypto-signal-ai\docs\CRITICAL_SSOT.md","CRITICAL_SSOT.md",".md","content, acquisition, telegram, signal","4","4276"
"C:\Users\USER\crypto-signal-ai\node_modules\twit\README.md","README.md",".md","content, plan, twitter, user","4","19767"
"C:\Users\USER\crypto-signal-ai\node_modules\http-signature\http_signing.md","http_signing.md",".md","content, email, target, acquisition","4","13849"
"C:\Users\USER\crypto-signal-ai_remote\node_modules\@pkgjs\parseargs\README.md","README.md",".md","content, target, signal, user","4","13642"
"C:\Users\USER\crypto-signal-ai\node_modules\ts-node\README.md","README.md",".md","content, launch, target, user","4","48798"
"C:\Users\USER\crypto-signal-ai\node_modules\googleapis-common\README.md","README.md",".md","content, launch, target, user","4","4257"
"C:\Users\USER\crypto-signal-ai\node_modules\qs\README.md","README.md",".md","campaign, content, email, user","4","25887"
"C:\Users\USER\crypto-signal-ai\node_modules\request\CHANGELOG.md","CHANGELOG.md",".md","content, target, twitter, user","4","69061"
"C:\Users\USER\crypto-signal-ai_remote\docs\CRITICAL_SSOT.md","CRITICAL_SSOT.md",".md","content, acquisition, telegram, signal","4","4125"
"C:\Users\USER\crypto-signal-ai_remote\docs\DEVELOPMENT_WORKFLOW_PERPLEXITY_INTEGRATION.md","DEVELOPMENT_WORKFLOW_PERPLEXITY_INTEGRATION.md",".md","signal, user, ユーザー, MVP","4","3267"
"C:\Users\USER\crypto-signal-ai\node_modules\@pkgjs\parseargs\README.md","README.md",".md","content, target, signal, user","4","14055"
"C:\Users\USER\crypto-signal-ai_remote\docs\1104-行動バイアス設計分析.md","1104-行動バイアス設計分析.md",".md","telegram, signal, シグナル, 価格","4","2437"
"C:\Users\USER\crypto-signal-ai\node_modules\express\History.md","History.md",".md","promotion, content, conversion, user","4","122540"
"C:\Users\USER\crypto-signal-ai_remote\docs\PROVIDER_PHASES_FINAL.md","PROVIDER_PHASES_FINAL.md",".md","telegram, twitter, signal, MVP","4","471"
"C:\Users\USER\crypto-signal-ai\node_modules\dashdash\README.md","README.md",".md","content, target, twitter, user","4","18164"
"C:\Users\USER\crypto-signal-ai\docs\PROVIDER_PHASES_FINAL.md","PROVIDER_PHASES_FINAL.md",".md","telegram, twitter, signal, MVP","4","498"
"C:\Users\USER\crypto-signal-ai_remote\node_modules\glob\README.md","README.md",".md","content, plan, signal, user","4","48383"
"C:\Users\USER\crypto-signal-ai\node_modules\psl\README.md","README.md",".md","content, community, user","3","7428"
"C:\Users\USER\crypto-signal-ai_remote\docs\proposals\PRICING_STRATEGY_MAPPING.md","PRICING_STRATEGY_MAPPING.md",".md","messaging, strategy, pricing","3","126"
"C:\Users\USER\crypto-signal-ai\node_modules\tough-cookie\README.md","README.md",".md","plan, community, user","3","27229"
"C:\Users\USER\crypto-signal-ai\node_modules\strip-ansi-cjs\node_modules\ansi-regex\readme.md","readme.md",".md","campaign, content, brand","3","2643"
"C:\Users\USER\crypto-signal-ai\node_modules\request\node_modules\qs\README.md","README.md",".md","campaign, email, user","3","16453"
"C:\Users\USER\crypto-signal-ai_remote\docs\INTEGRATED_MARKETING_REVENUE_NOV3.md","INTEGRATED_MARKETING_REVENUE_NOV3.md",".md","telegram, signal, user","3","1284"
"C:\Users\USER\crypto-signal-ai_remote\docs\DEPLOYMENT.md","DEPLOYMENT.md",".md","telegram, signal, user","3","1298"
"C:\Users\USER\crypto-signal-ai\node_modules\string-width-cjs\node_modules\ansi-regex\readme.md","readme.md",".md","campaign, content, brand","3","2643"
"C:\Users\USER\crypto-signal-ai\node_modules\sshpk\README.md","README.md",".md","email, target, user","3","24643"
"C:\Users\USER\crypto-signal-ai\node_modules\tweetnacl\README.md","README.md",".md","content, target, user","3","13166"
"C:\Users\USER\crypto-signal-ai_remote\node_modules\string-width-cjs\node_modules\ansi-regex\readme.md","readme.md",".md","campaign, content, brand","3","2565"
"C:\Users\USER\crypto-signal-ai_remote\node_modules\strip-ansi-cjs\node_modules\ansi-regex\readme.md","readme.md",".md","campaign, content, brand","3","2565"
"C:\Users\USER\crypto-signal-ai_remote\node_modules\ansi-regex\readme.md","readme.md",".md","content, brand, user","3","2434"
"C:\Users\USER\crypto-signal-ai\node_modules\ts-node\tsconfig.schemastore-schema.json","tsconfig.schemastore-schema.json",".json","target, acquisition, strategy","3","72100"
"C:\Users\USER\crypto-signal-ai_remote\node_modules\debug\README.md","README.md",".md","content, target, user","3","22115"
"C:\Users\USER\crypto-signal-ai_remote\node_modules\make-error\README.md","README.md",".md","content, customer, community","3","2629"
"C:\Users\USER\crypto-signal-ai\node_modules\diff\package.json","package.json",".json","SEO, email, launch","3","2025"
"C:\Users\USER\crypto-signal-ai\node_modules\wrap-ansi-cjs\node_modules\ansi-regex\readme.md","readme.md",".md","campaign, content, brand","3","2643"
"C:\Users\USER\crypto-signal-ai_remote\README.md","README.md",".md","launch, telegram, signal","3","717"
"C:\Users\USER\crypto-signal-ai_remote\docs\API_KEY_ACQUISITION.md","API_KEY_ACQUISITION.md",".md","acquisition, twitter, signal","3","948"
"C:\Users\USER\crypto-signal-ai_remote\.github\workflows\auto-fix-sim-blocks.yml","auto-fix-sim-blocks.yml",".yml","email, user, MVP","3","1200"
"C:\Users\USER\crypto-signal-ai_remote\node_modules\wrap-ansi-cjs\node_modules\ansi-regex\readme.md","readme.md",".md","campaign, content, brand","3","2565"
"C:\Users\USER\crypto-signal-ai\.github\workflows\auto-fix-sim-blocks.yml","auto-fix-sim-blocks.yml",".yml","email, user, MVP","3","1240"
"C:\Users\USER\crypto-signal-ai\node_modules\aws4\README.md","README.md",".md","content, target, user","3","7225"
"C:\Users\USER\crypto-signal-ai\node_modules\make-error\README.md","README.md",".md","content, customer, community","3","2741"
"C:\Users\USER\crypto-signal-ai\node_modules\bignumber.js\README.md","README.md",".md","content, conversion, user","3","11064"
"C:\Users\USER\crypto-signal-ai\node_modules\gtoken\README.md","README.md",".md","content, email, user","3","5527"
"C:\Users\USER\crypto-signal-ai\node_modules\googleapis\README.md","README.md",".md","content, email, user","3","27014"
"C:\Users\USER\crypto-signal-ai\node_modules\ansi-regex\readme.md","readme.md",".md","content, brand, user","3","2500"
"C:\Users\USER\crypto-signal-ai\node_modules\form-data\CHANGELOG.md","CHANGELOG.md",".md","content, target, user","3","43231"
"C:\Users\USER\crypto-signal-ai\node_modules\dotenv\README-es.md","README-es.md",".md","content, plan, user","3","15410"
"C:\Users\USER\crypto-signal-ai\node_modules\dotenv\README.md","README.md",".md","content, target, user","3","23191"
"C:\Users\USER\crypto-signal-ai\node_modules\express\Readme.md","Readme.md",".md","content, brand, community","3","9350"
"C:\Users\USER\crypto-signal-ai\node_modules\cors\README.md","README.md",".md","content, twitter, user","3","9206"
"C:\Users\USER\crypto-signal-ai\node_modules\debug\README.md","README.md",".md","content, target, user","3","22596"
"C:\Users\USER\crypto-signal-ai\node_modules\diff\release-notes.md","release-notes.md",".md","content, target, user","3","16566"
"C:\Users\USER\crypto-signal-ai\marketing\30_assets\_src\PRICING_STRATEGY_MAPPING.md","PRICING_STRATEGY_MAPPING.md",".md","messaging, strategy, pricing","3","126"
"C:\Users\USER\crypto-signal-ai\docs\API_KEY_ACQUISITION.md","API_KEY_ACQUISITION.md",".md","acquisition, twitter, signal","3","984"
"C:\Users\USER\crypto-signal-ai\docs\DEPLOYMENT.md","DEPLOYMENT.md",".md","telegram, signal, user","3","1381"
"C:\Users\USER\crypto-signal-ai\node_modules\dunder-proto\.github\FUNDING.yml","FUNDING.yml",".yml","community, user","2","583"
"C:\Users\USER\crypto-signal-ai\node_modules\@types\cors\package.json","package.json",".json","content, user","2","1132"
"C:\Users\USER\crypto-signal-ai\node_modules\es-define-property\.github\FUNDING.yml","FUNDING.yml",".yml","community, user","2","564"
"C:\Users\USER\crypto-signal-ai\node_modules\@types\express-serve-static-core\package.json","package.json",".json","content, user","2","1621"
"C:\Users\USER\crypto-signal-ai\node_modules\fast-deep-equal\README.md","README.md",".md","campaign, user","2","3323"
"C:\Users\USER\crypto-signal-ai\node_modules\call-bind-apply-helpers\.github\FUNDING.yml","FUNDING.yml",".yml","community, user","2","594"
"C:\Users\USER\crypto-signal-ai\node_modules\@types\express\package.json","package.json",".json","content, user","2","1412"
"C:\Users\USER\crypto-signal-ai\node_modules\call-bound\.github\FUNDING.yml","FUNDING.yml",".yml","community, user","2","581"
"C:\Users\USER\crypto-signal-ai\node_modules\@types\connect\package.json","package.json",".json","content, user","2","965"
"C:\Users\USER\crypto-signal-ai\node_modules\gopd\.github\FUNDING.yml","FUNDING.yml",".yml","community, user","2","575"
"C:\Users\USER\crypto-signal-ai\node_modules\get-proto\.github\FUNDING.yml","FUNDING.yml",".yml","community, user","2","580"
"C:\Users\USER\crypto-signal-ai\node_modules\has-tostringtag\.github\FUNDING.yml","FUNDING.yml",".yml","community, user","2","586"
"C:\Users\USER\crypto-signal-ai\node_modules\has-symbols\.github\FUNDING.yml","FUNDING.yml",".yml","community, user","2","582"
"C:\Users\USER\crypto-signal-ai\node_modules\get-intrinsic\.github\FUNDING.yml","FUNDING.yml",".yml","community, user","2","584"
"C:\Users\USER\crypto-signal-ai\node_modules\es-errors\.github\FUNDING.yml","FUNDING.yml",".yml","community, user","2","555"
"C:\Users\USER\crypto-signal-ai\node_modules\hasown\.github\FUNDING.yml","FUNDING.yml",".yml","community, user","2","552"
"C:\Users\USER\crypto-signal-ai\node_modules\function-bind\.github\FUNDING.yml","FUNDING.yml",".yml","community, user","2","584"
"C:\Users\USER\crypto-signal-ai\node_modules\es-object-atoms\.github\FUNDING.yml","FUNDING.yml",".yml","community, user","2","555"
"C:\Users\USER\crypto-signal-ai\node_modules\fast-json-stable-stringify\README.md","README.md",".md","campaign, user","2","3648"
"C:\Users\USER\crypto-signal-ai\node_modules\@types\qs\package.json","package.json",".json","content, user","2","1974"
"C:\Users\USER\crypto-signal-ai\node_modules\@types\range-parser\package.json","package.json",".json","content, user","2","805"
"C:\Users\USER\crypto-signal-ai\node_modules\ee-first\package.json","package.json",".json","email, twitter","2","859"
"C:\Users\USER\crypto-signal-ai\node_modules\gaxios\README.md","README.md",".md","content, signal","2","7969"
"C:\Users\USER\crypto-signal-ai\node_modules\google-logging-utils\README.md","README.md",".md","funnel, user","2","4351"
"C:\Users\USER\crypto-signal-ai\node_modules\@types\serve-static\node_modules\@types\send\package.json","package.json",".json","content, user","2","1197"
"C:\Users\USER\crypto-signal-ai\node_modules\@types\serve-static\package.json","package.json",".json","content, user","2","1398"
"C:\Users\USER\crypto-signal-ai\node_modules\ajv\package.json","package.json",".json","launch, target","2","3120"
"C:\Users\USER\crypto-signal-ai\node_modules\@types\send\package.json","package.json",".json","content, user","2","1167"
"C:\Users\USER\crypto-signal-ai\node_modules\ajv\lib\refs\data.json","data.json",".json","content, user","2","551"
"C:\Users\USER\crypto-signal-ai\node_modules\form-data\node_modules\mime-db\HISTORY.md","HISTORY.md",".md","target, community","2","12581"
"C:\Users\USER\crypto-signal-ai\node_modules\@types\mime\package.json","package.json",".json","content, user","2","923"
"C:\Users\USER\crypto-signal-ai\node_modules\form-data\README.md","README.md",".md","content, user","2","12034"
"C:\Users\USER\crypto-signal-ai\node_modules\fetch-blob\README.md","README.md",".md","content, plan","2","5106"
"C:\Users\USER\crypto-signal-ai\node_modules\@types\http-errors\package.json","package.json",".json","content, user","2","1150"
"C:\Users\USER\crypto-signal-ai\node_modules\ajv\lib\refs\json-schema-secure.json","json-schema-secure.json",".json","content, user","2","2572"
"C:\Users\USER\crypto-signal-ai\node_modules\@types\node\package.json","package.json",".json","content, user","2","4664"
"C:\Users\USER\crypto-signal-ai\node_modules\typescript\lib\typesMap.json","typesMap.json",".json","email, signal","2","17285"
"C:\Users\USER\crypto-signal-ai\node_modules\form-data\node_modules\mime-types\HISTORY.md","HISTORY.md",".md","target, community","2","8812"
"C:\Users\USER\crypto-signal-ai\node_modules\formdata-polyfill\README.md","README.md",".md","content, user","2","5295"
"C:\Users\USER\crypto-signal-ai\node_modules\math-intrinsics\.github\FUNDING.yml","FUNDING.yml",".yml","community, user","2","561"
"C:\Users\USER\crypto-signal-ai\node_modules\acorn-walk\README.md","README.md",".md","target, community","2","4467"
"C:\Users\USER\crypto-signal-ai_remote\node_modules\fast-json-stable-stringify\README.md","README.md",".md","campaign, user","2","3517"
"C:\Users\USER\crypto-signal-ai\node_modules\acorn\README.md","README.md",".md","content, community","2","10799"
"C:\Users\USER\crypto-signal-ai_remote\node_modules\path-scurry\node_modules\lru-cache\README.md","README.md",".md","signal, user","2","11107"
"C:\Users\USER\crypto-signal-ai_remote\node_modules\minipass\README.md","README.md",".md","signal, user","2","27159"
"C:\Users\USER\crypto-signal-ai_remote\docs\go-to-market\GO_TO_MARKET_STRATEGY.md","GO_TO_MARKET_STRATEGY.md",".md","strategy, go-to-market","2","64"
"C:\Users\USER\crypto-signal-ai_remote\docs\design\DESIGN_v1102.md","DESIGN_v1102.md",".md","コンテンツ, signal","2","720"
"C:\Users\USER\crypto-signal-ai\node_modules\ansi-styles\readme.md","readme.md",".md","campaign, conversion","2","4479"
"C:\Users\USER\crypto-signal-ai_remote\node_modules\cross-spawn\README.md","README.md",".md","target, user","2","4117"
"C:\Users\USER\crypto-signal-ai_remote\node_modules\ansi-styles\readme.md","readme.md",".md","campaign, conversion","2","4327"
"C:\Users\USER\crypto-signal-ai\node_modules\acorn\CHANGELOG.md","CHANGELOG.md",".md","content, target","2","23249"
"C:\Users\USER\crypto-signal-ai\docs\design\DESIGN_v1102.md","DESIGN_v1102.md",".md","コンテンツ, signal","2","739"
"C:\Users\USER\crypto-signal-ai\docs\go-to-market\GO_TO_MARKET_STRATEGY.md","GO_TO_MARKET_STRATEGY.md",".md","strategy, go-to-market","2","67"
"C:\Users\USER\crypto-signal-ai\docs\MVP_PHASE_GATES.md","MVP_PHASE_GATES.md",".md","シグナル, MVP","2","608"
"C:\Users\USER\crypto-signal-ai\docs\IMPLEMENTATION_LOG.md","IMPLEMENTATION_LOG.md",".md","twitter, signal","2","1751"
"C:\Users\USER\crypto-signal-ai\docs\INCIDENT_RUNBOOK.md","INCIDENT_RUNBOOK.md",".md","email, telegram","2","547"
"C:\Users\USER\crypto-signal-ai_remote\node_modules\typescript\LICENSE.txt","LICENSE.txt",".txt","content, conversion","2","9142"
"C:\Users\USER\crypto-signal-ai_remote\node_modules\wrap-ansi\node_modules\ansi-styles\readme.md","readme.md",".md","campaign, conversion","2","4908"
"C:\Users\USER\crypto-signal-ai_remote\node_modules\@types\node\package.json","package.json",".json","content, user","2","4664"
"C:\Users\USER\crypto-signal-ai\marketing\30_assets\_src\GO_TO_MARKET_STRATEGY.md","GO_TO_MARKET_STRATEGY.md",".md","strategy, go-to-market","2","67"
"C:\Users\USER\crypto-signal-ai_remote\node_modules\typescript\lib\typesMap.json","typesMap.json",".json","email, signal","2","17285"
"C:\Users\USER\crypto-signal-ai\node_modules\side-channel-weakmap\.github\FUNDING.yml","FUNDING.yml",".yml","community, user","2","591"
"C:\Users\USER\crypto-signal-ai\node_modules\side-channel-map\.github\FUNDING.yml","FUNDING.yml",".yml","community, user","2","587"
"C:\Users\USER\crypto-signal-ai\node_modules\bignumber.js\doc\API.html","API.html",".html","content, conversion","2","87315"
"C:\Users\USER\crypto-signal-ai_remote\docs\IMPLEMENTATION_LOG.md","IMPLEMENTATION_LOG.md",".md","twitter, signal","2","1673"
"C:\Users\USER\crypto-signal-ai\node_modules\encodeurl\README.md","README.md",".md","content, user","2","3221"
"C:\Users\USER\crypto-signal-ai\node_modules\qs\.github\FUNDING.yml","FUNDING.yml",".yml","community, user","2","548"
"C:\Users\USER\crypto-signal-ai\node_modules\object-inspect\.github\FUNDING.yml","FUNDING.yml",".yml","community, user","2","585"
"C:\Users\USER\crypto-signal-ai\node_modules\request\node_modules\qs\.github\FUNDING.yml","FUNDING.yml",".yml","community, user","2","548"
"C:\Users\USER\crypto-signal-ai\node_modules\side-channel-list\.github\FUNDING.yml","FUNDING.yml",".yml","community, user","2","588"
"C:\Users\USER\crypto-signal-ai\node_modules\side-channel\.github\FUNDING.yml","FUNDING.yml",".yml","community, user","2","583"
"C:\Users\USER\crypto-signal-ai_remote\docs\INCIDENT_RUNBOOK.md","INCIDENT_RUNBOOK.md",".md","email, telegram","2","529"
"C:\Users\USER\crypto-signal-ai\node_modules\body-parser\README.md","README.md",".md","content, user","2","19420"
"C:\Users\USER\crypto-signal-ai_remote\docs\RUNBOOK.md","RUNBOOK.md",".md","launch, telegram","2","472"
"C:\Users\USER\crypto-signal-ai\node_modules\body-parser\HISTORY.md","HISTORY.md",".md","content, user","2","18277"
"C:\Users\USER\crypto-signal-ai\node_modules\bignumber.js\CHANGELOG.md","CHANGELOG.md",".md","content, user","2","9622"
"C:\Users\USER\crypto-signal-ai_remote\docs\WORKFLOW.md","WORKFLOW.md",".md","telegram, signal","2","656"
"C:\Users\USER\crypto-signal-ai\node_modules\cross-spawn\README.md","README.md",".md","target, user","2","4206"
"C:\Users\USER\crypto-signal-ai_remote\docs\MVP_PHASE_GATES.md","MVP_PHASE_GATES.md",".md","シグナル, MVP","2","586"
"C:\Users\USER\crypto-signal-ai\node_modules\cookie\SECURITY.md","SECURITY.md",".md","email, community","2","1180"
"C:\Users\USER\crypto-signal-ai\node_modules\content-disposition\README.md","README.md",".md","content, plan","2","5205"
"C:\Users\USER\crypto-signal-ai\node_modules\cookie\README.md","README.md",".md","content, user","2","11769"
"C:\Users\USER\crypto-signal-ai\node_modules\@types\body-parser\package.json","package.json",".json","content, user","2","1966"
"C:\Users\USER\crypto-signal-ai\node_modules\router\README.md","README.md",".md","content, user","2","12656"
"C:\Users\USER\crypto-signal-ai\node_modules\jsprim\CONTRIBUTING.md","CONTRIBUTING.md",".md","target, user","2","770"
"C:\Users\USER\crypto-signal-ai\node_modules\rimraf\README.md","README.md",".md","strategy, signal","2","8833"
"C:\Users\USER\crypto-signal-ai\node_modules\web-streams-polyfill\README.md","README.md",".md","target, signal","2","6527"
"C:\Users\USER\crypto-signal-ai\node_modules\http-signature\CHANGES.md","CHANGES.md",".md","target, conversion","2","1350"
"C:\Users\USER\crypto-signal-ai\node_modules\verror\CONTRIBUTING.md","CONTRIBUTING.md",".md","target, user","2","770"
"C:\Users\USER\crypto-signal-ai\node_modules\safer-buffer\Readme.md","Readme.md",".md","launch, user","2","8261"
"C:\Users\USER\crypto-signal-ai\node_modules\type-is\HISTORY.md","HISTORY.md",".md","content, target","2","6864"
"C:\Users\USER\crypto-signal-ai\node_modules\safer-buffer\Porting-Buffer.md","Porting-Buffer.md",".md","content, user","2","12794"
"C:\Users\USER\crypto-signal-ai\node_modules\jsprim\README.md","README.md",".md","content, user","2","10776"
"C:\Users\USER\crypto-signal-ai\node_modules\request\node_modules\form-data\README.md","README.md",".md","content, user","2","7138"
"C:\Users\USER\crypto-signal-ai\node_modules\url-template\README.md","README.md",".md","email, user","2","1367"
"C:\Users\USER\crypto-signal-ai\node_modules\vary\README.md","README.md",".md","content, user","2","2716"
"C:\Users\USER\crypto-signal-ai\node_modules\request\node_modules\mime-db\HISTORY.md","HISTORY.md",".md","target, community","2","12581"
"C:\Users\USER\crypto-signal-ai\node_modules\request\node_modules\mime-types\HISTORY.md","HISTORY.md",".md","target, community","2","8812"
"C:\Users\USER\crypto-signal-ai\node_modules\raw-body\SECURITY.md","SECURITY.md",".md","email, community","2","1188"
"C:\Users\USER\crypto-signal-ai\node_modules\wrap-ansi\node_modules\ansi-styles\readme.md","readme.md",".md","campaign, conversion","2","5081"
"C:\Users\USER\crypto-signal-ai\node_modules\jws\CHANGELOG.md","CHANGELOG.md",".md","content, user","2","1474"
"C:\Users\USER\crypto-signal-ai\node_modules\raw-body\node_modules\iconv-lite\README.md","README.md",".md","email, conversion","2","6587"
"C:\Users\USER\crypto-signal-ai\node_modules\mime\CHANGELOG.md","CHANGELOG.md",".md","content, community","2","9473"
"C:\Users\USER\crypto-signal-ai\node_modules\minipass\README.md","README.md",".md","signal, user","2","27984"
"C:\Users\USER\crypto-signal-ai\node_modules\mime-types\HISTORY.md","HISTORY.md",".md","target, community","2","9627"
"C:\Users\USER\crypto-signal-ai\node_modules\http-errors\README.md","README.md",".md","signal, user","2","5962"
"C:\Users\USER\crypto-signal-ai\node_modules\mime-db\README.md","README.md",".md","content, community","2","4949"
"C:\Users\USER\crypto-signal-ai\node_modules\mime-db\HISTORY.md","HISTORY.md",".md","target, community","2","13886"
"C:\Users\USER\crypto-signal-ai\node_modules\path-scurry\node_modules\lru-cache\README.md","README.md",".md","signal, user","2","11438"
"C:\Users\USER\crypto-signal-ai\node_modules\iconv-lite\README.md","README.md",".md","email, conversion","2","6352"
"C:\Users\USER\crypto-signal-ai\node_modules\side-channel\CHANGELOG.md","CHANGELOG.md",".md","content, target","2","10450"
"C:\Users\USER\crypto-signal-ai\node_modules\typescript\LICENSE.txt","LICENSE.txt",".txt","content, conversion","2","9197"
"C:\Users\USER\crypto-signal-ai\node_modules\qs\CHANGELOG.md","CHANGELOG.md",".md","marketing, target","2","33117"
"C:\Users\USER\crypto-signal-ai_remote\docs\go-to-market\LAUNCH_CHECKLIST.md","LAUNCH_CHECKLIST.md",".md","launch","1","41"
"C:\Users\USER\crypto-signal-ai\node_modules\media-typer\HISTORY.md","HISTORY.md",".md","content","1","1155"
"C:\Users\USER\crypto-signal-ai_remote\node_modules\foreground-child\README.md","README.md",".md","signal","1","4488"
"C:\Users\USER\crypto-signal-ai\node_modules\proxy-from-env\README.md","README.md",".md","user","1","5270"
"C:\Users\USER\crypto-signal-ai_remote\node_modules\inherits\README.md","README.md",".md","plan","1","1625"
"C:\Users\USER\crypto-signal-ai\node_modules\media-typer\README.md","README.md",".md","content","1","2992"
"C:\Users\USER\crypto-signal-ai\node_modules\raw-body\node_modules\iconv-lite\Changelog.md","Changelog.md",".md","conversion","1","8088"
"C:\Users\USER\crypto-signal-ai\node_modules\bcrypt-pbkdf\CONTRIBUTING.md","CONTRIBUTING.md",".md","user","1","547"
"C:\Users\USER\crypto-signal-ai_remote\node_modules\emoji-regex\README.md","README.md",".md","twitter","1","4513"
"C:\Users\USER\crypto-signal-ai\node_modules\assert-plus\README.md","README.md",".md","email","1","4791"
"C:\Users\USER\crypto-signal-ai\node_modules\range-parser\README.md","README.md",".md","signal","1","2278"
"C:\Users\USER\crypto-signal-ai\node_modules\math-intrinsics\README.md","README.md",".md","email","1","1884"
"C:\Users\USER\crypto-signal-ai\node_modules\arg\README.md","README.md",".md","user","1","6605"
"C:\Users\USER\crypto-signal-ai_remote\node_modules\@jridgewell\resolve-uri\README.md","README.md",".md","plan","1","2826"
"C:\Users\USER\crypto-signal-ai\node_modules\asn1\README.md","README.md",".md","plan","1","1201"
"C:\Users\USER\crypto-signal-ai\node_modules\asynckit\README.md","README.md",".md","target","1","7640"
"C:\Users\USER\crypto-signal-ai\node_modules\raw-body\README.md","README.md",".md","content","1","6553"
"C:\Users\USER\crypto-signal-ai\node_modules\base64-js\README.md","README.md",".md","campaign","1","1143"
"C:\Users\USER\crypto-signal-ai_remote\node_modules\color-convert\CHANGELOG.md","CHANGELOG.md",".md","conversion","1","1417"
"C:\Users\USER\crypto-signal-ai_remote\docs\proposals\PROVIDER_STRATEGY_V2.md","PROVIDER_STRATEGY_V2.md",".md","strategy","1","121"
"C:\Users\USER\crypto-signal-ai_remote\node_modules\color-convert\README.md","README.md",".md","conversion","1","2853"
"C:\Users\USER\crypto-signal-ai\node_modules\es-define-property\README.md","README.md",".md","email","1","2056"
"C:\Users\USER\crypto-signal-ai\node_modules\es-errors\README.md","README.md",".md","email","1","2114"
"C:\Users\USER\crypto-signal-ai_remote\docs\1104-Behavioral-Design-Notes.md","1104-Behavioral-Design-Notes.md",".md","signal","1","231"
"C:\Users\USER\crypto-signal-ai\node_modules\serve-static\README.md","README.md",".md","content","1","7450"
"C:\Users\USER\crypto-signal-ai\node_modules\send\README.md","README.md",".md","content","1","9062"
"C:\Users\USER\crypto-signal-ai\node_modules\serve-static\HISTORY.md","HISTORY.md",".md","content","1","11431"
"C:\Users\USER\crypto-signal-ai\node_modules\emoji-regex\README.md","README.md",".md","twitter","1","4650"
"C:\Users\USER\crypto-signal-ai_remote\business\financials\REVENUE_PROJECTIONS.md","REVENUE_PROJECTIONS.md",".md","revenue","1","32"
"C:\Users\USER\crypto-signal-ai\node_modules\extend\README.md","README.md",".md","target","1","3034"
"C:\Users\USER\crypto-signal-ai\node_modules\extsprintf\README.md","README.md",".md","conversion","1","1357"
"C:\Users\USER\crypto-signal-ai\node_modules\side-channel-list\README.md","README.md",".md","strategy","1","2285"
"C:\Users\USER\crypto-signal-ai\node_modules\extend\CHANGELOG.md","CHANGELOG.md",".md","target","1","2779"
"C:\Users\USER\crypto-signal-ai_remote\business\BUSINESS_ROADMAP.md","BUSINESS_ROADMAP.md",".md","roadmap","1","41"
"C:\Users\USER\crypto-signal-ai_remote\SESSION_LOG_2025-11-04.md","SESSION_LOG_2025-11-04.md",".md","signal","1","868"
"C:\Users\USER\crypto-signal-ai\node_modules\es-object-atoms\README.md","README.md",".md","email","1","2603"
"C:\Users\USER\crypto-signal-ai\node_modules\color-convert\README.md","README.md",".md","conversion","1","2921"
"C:\Users\USER\crypto-signal-ai\node_modules\request\node_modules\mime-types\README.md","README.md",".md","content","1","3481"
"C:\Users\USER\crypto-signal-ai\node_modules\content-type\HISTORY.md","HISTORY.md",".md","content","1","523"
"C:\Users\USER\crypto-signal-ai\node_modules\color-convert\CHANGELOG.md","CHANGELOG.md",".md","conversion","1","1471"
"C:\Users\USER\crypto-signal-ai\node_modules\request\node_modules\mime-db\README.md","README.md",".md","community","1","4091"
"C:\Users\USER\crypto-signal-ai\node_modules\bytes\History.md","History.md",".md","conversion","1","1775"
"C:\Users\USER\crypto-signal-ai\node_modules\bytes\Readme.md","Readme.md",".md","conversion","1","4770"
"C:\Users\USER\crypto-signal-ai_remote\docs\README-ops-shortcuts.md","README-ops-shortcuts.md",".md","signal","1","184"
"C:\Users\USER\crypto-signal-ai\node_modules\depd\Readme.md","Readme.md",".md","user","1","9988"
"C:\Users\USER\crypto-signal-ai\node_modules\diff\README.md","README.md",".md","content","1","8791"
"C:\Users\USER\crypto-signal-ai\node_modules\send\HISTORY.md","HISTORY.md",".md","content","1","14801"
"C:\Users\USER\crypto-signal-ai\node_modules\router\HISTORY.md","HISTORY.md",".md","user","1","6571"
"C:\Users\USER\crypto-signal-ai\node_modules\content-type\README.md","README.md",".md","content","1","2782"
"C:\Users\USER\crypto-signal-ai\node_modules\request\node_modules\qs\CHANGELOG.md","CHANGELOG.md",".md","target","1","14109"
"C:\Users\USER\crypto-signal-ai\node_modules\cookie-signature\History.md","History.md",".md","content","1","1481"
"C:\Users\USER\crypto-signal-ai_remote\node_modules\isexe\README.md","README.md",".md","user","1","1395"
"C:\Users\USER\crypto-signal-ai_remote\node_modules\shebang-regex\package.json","package.json",".json","email","1","617"
"C:\Users\USER\crypto-signal-ai_remote\node_modules\signal-exit\package.json","package.json",".json","signal","1","2679"
"C:\Users\USER\crypto-signal-ai_remote\node_modules\path-key\package.json","package.json",".json","email","1","689"
"C:\Users\USER\crypto-signal-ai_remote\node_modules\shebang-command\package.json","package.json",".json","email","1","592"
"C:\Users\USER\crypto-signal-ai_remote\node_modules\string-width\package.json","package.json",".json","email","1","1103"
"C:\Users\USER\crypto-signal-ai_remote\node_modules\string-width-cjs\node_modules\strip-ansi\package.json","package.json",".json","email","1","852"
"C:\Users\USER\crypto-signal-ai_remote\node_modules\strip-ansi\package.json","package.json",".json","email","1","1022"
"C:\Users\USER\crypto-signal-ai_remote\node_modules\string-width-cjs\package.json","package.json",".json","email","1","997"
"C:\Users\USER\crypto-signal-ai_remote\node_modules\string-width-cjs\node_modules\ansi-regex\package.json","package.json",".json","email","1","896"
"C:\Users\USER\crypto-signal-ai_remote\node_modules\fast-json-stable-stringify\package.json","package.json",".json","email","1","1309"
"C:\Users\USER\crypto-signal-ai_remote\node_modules\fast-json-stable-stringify\benchmark\test.json","test.json",".json","email","1","3965"
"C:\Users\USER\crypto-signal-ai_remote\node_modules\color-convert\package.json","package.json",".json","conversion","1","875"
"C:\Users\USER\crypto-signal-ai_remote\node_modules\debug\package.json","package.json",".json","launch","1","1543"
"C:\Users\USER\crypto-signal-ai_remote\node_modules\foreground-child\package.json","package.json",".json","signal","1","2819"
"C:\Users\USER\crypto-signal-ai_remote\node_modules\make-error\package.json","package.json",".json","community","1","1544"
"C:\Users\USER\crypto-signal-ai_remote\node_modules\ms\package.json","package.json",".json","conversion","1","770"
"C:\Users\USER\crypto-signal-ai_remote\node_modules\glob\package.json","package.json",".json","content","1","2700"
"C:\Users\USER\crypto-signal-ai_remote\node_modules\is-fullwidth-code-point\package.json","package.json",".json","email","1","779"
"C:\Users\USER\crypto-signal-ai_remote\node_modules\wrap-ansi\package.json","package.json",".json","email","1","1217"
"C:\Users\USER\crypto-signal-ai_remote\node_modules\wrap-ansi\node_modules\ansi-styles\package.json","package.json",".json","email","1","1075"
"C:\Users\USER\crypto-signal-ai\business\financials\REVENUE_PROJECTIONS.md","REVENUE_PROJECTIONS.md",".md","revenue","1","35"
"C:\Users\USER\crypto-signal-ai\business\BUSINESS_ROADMAP.md","BUSINESS_ROADMAP.md",".md","roadmap","1","44"
"C:\Users\USER\crypto-signal-ai_remote\node_modules\wrap-ansi-cjs\package.json","package.json",".json","email","1","1076"
"C:\Users\USER\crypto-signal-ai_remote\node_modules\wrap-ansi-cjs\node_modules\strip-ansi\package.json","package.json",".json","email","1","852"
"C:\Users\USER\crypto-signal-ai\node_modules\string-width-cjs\node_modules\strip-ansi\package.json","package.json",".json","email","1","852"
"C:\Users\USER\crypto-signal-ai_remote\node_modules\wrap-ansi-cjs\node_modules\ansi-regex\package.json","package.json",".json","email","1","896"
"C:\Users\USER\crypto-signal-ai_remote\node_modules\wrap-ansi-cjs\node_modules\string-width\package.json","package.json",".json","email","1","997"
"C:\Users\USER\crypto-signal-ai\node_modules\object-inspect\CHANGELOG.md","CHANGELOG.md",".md","target","1","36562"
"C:\Users\USER\crypto-signal-ai\node_modules\object-assign\readme.md","readme.md",".md","target","1","1502"
"C:\Users\USER\crypto-signal-ai_remote\node_modules\strip-ansi-cjs\package.json","package.json",".json","email","1","852"
"C:\Users\USER\crypto-signal-ai_remote\node_modules\strip-ansi-cjs\node_modules\ansi-regex\package.json","package.json",".json","email","1","896"
"C:\Users\USER\crypto-signal-ai\marketing\30_assets\_src\LAUNCH_CHECKLIST.md","LAUNCH_CHECKLIST.md",".md","launch","1","44"
"C:\Users\USER\crypto-signal-ai\node_modules\negotiator\README.md","README.md",".md","content","1","5330"
"C:\Users\USER\crypto-signal-ai\node_modules\mime-types\README.md","README.md",".md","content","1","4472"
"C:\Users\USER\crypto-signal-ai\docs\go-to-market\LAUNCH_CHECKLIST.md","LAUNCH_CHECKLIST.md",".md","launch","1","44"
"C:\Users\USER\crypto-signal-ai\node_modules\node-domexception\README.md","README.md",".md","messaging","1","1998"
"C:\Users\USER\crypto-signal-ai_remote\node_modules\strip-ansi-cjs\readme.md","readme.md",".md","campaign","1","1599"
"C:\Users\USER\crypto-signal-ai\node_modules\accepts\README.md","README.md",".md","content","1","4122"
"C:\Users\USER\crypto-signal-ai_remote\node_modules\string-width-cjs\node_modules\emoji-regex\README.md","README.md",".md","twitter","1","2691"
"C:\Users\USER\crypto-signal-ai_remote\node_modules\string-width-cjs\node_modules\strip-ansi\readme.md","readme.md",".md","campaign","1","1599"
"C:\Users\USER\crypto-signal-ai\node_modules\@tsconfig\node16\README.md","README.md",".md","target","1","735"
"C:\Users\USER\crypto-signal-ai_remote\node_modules\which\CHANGELOG.md","CHANGELOG.md",".md","user","1","2667"
"C:\Users\USER\crypto-signal-ai_remote\node_modules\wrap-ansi\readme.md","readme.md",".md","campaign","1","2466"
"C:\Users\USER\crypto-signal-ai_remote\node_modules\typescript\SECURITY.md","SECURITY.md",".md","email","1","2656"
"C:\Users\USER\crypto-signal-ai_remote\node_modules\undici-types\README.md","README.md",".md","user","1","455"
"C:\Users\USER\crypto-signal-ai_remote\node_modules\path-key\readme.md","readme.md",".md","campaign","1","1347"
"C:\Users\USER\crypto-signal-ai_remote\node_modules\path-scurry\README.md","README.md",".md","target","1","22018"
"C:\Users\USER\crypto-signal-ai\node_modules\path-to-regexp\Readme.md","Readme.md",".md","user","1","7850"
"C:\Users\USER\crypto-signal-ai_remote\node_modules\package-json-from-dist\README.md","README.md",".md","target","1","3122"
"C:\Users\USER\crypto-signal-ai\node_modules\path-scurry\README.md","README.md",".md","target","1","22654"
"C:\Users\USER\crypto-signal-ai_remote\node_modules\string-width-cjs\readme.md","readme.md",".md","campaign","1","1396"
"C:\Users\USER\crypto-signal-ai\node_modules\path-key\readme.md","readme.md",".md","campaign","1","1408"
"C:\Users\USER\crypto-signal-ai_remote\node_modules\signal-exit\README.md","README.md",".md","signal","1","2426"
"C:\Users\USER\crypto-signal-ai_remote\node_modules\string-width\readme.md","readme.md",".md","campaign","1","1733"
"C:\Users\USER\crypto-signal-ai_remote\tsconfig.json","tsconfig.json",".json","target","1","467"
"C:\Users\USER\crypto-signal-ai\node_modules\@cspotcode\source-map-support\README.md","README.md",".md","launch","1","10115"
"C:\Users\USER\crypto-signal-ai\node_modules\@jridgewell\resolve-uri\README.md","README.md",".md","plan","1","2866"
"C:\Users\USER\crypto-signal-ai_remote\package.json","package.json",".json","signal","1","1211"
"C:\Users\USER\crypto-signal-ai\node_modules\on-finished\README.md","README.md",".md","target","1","5160"
"C:\Users\USER\crypto-signal-ai_remote\node_modules\balanced-match\package.json","package.json",".json","email","1","1117"
"C:\Users\USER\crypto-signal-ai_remote\node_modules\brace-expansion\package.json","package.json",".json","email","1","1184"
"C:\Users\USER\crypto-signal-ai_remote\node_modules\ansi-regex\package.json","package.json",".json","email","1","1096"
"C:\Users\USER\crypto-signal-ai_remote\node_modules\ansi-styles\package.json","package.json",".json","email","1","1110"
"C:\Users\USER\crypto-signal-ai\node_modules\@tsconfig\node14\README.md","README.md",".md","target","1","737"
"C:\Users\USER\crypto-signal-ai_remote\node_modules\wrap-ansi-cjs\node_modules\emoji-regex\README.md","README.md",".md","twitter","1","2691"
"C:\Users\USER\crypto-signal-ai\node_modules\parseurl\README.md","README.md",".md","user","1","4094"
"C:\Users\USER\crypto-signal-ai_remote\node_modules\wrap-ansi-cjs\readme.md","readme.md",".md","campaign","1","2745"
"C:\Users\USER\crypto-signal-ai_remote\node_modules\wrap-ansi-cjs\node_modules\string-width\readme.md","readme.md",".md","campaign","1","1396"
"C:\Users\USER\crypto-signal-ai\node_modules\package-json-from-dist\README.md","README.md",".md","target","1","3232"
"C:\Users\USER\crypto-signal-ai\node_modules\@tsconfig\node10\README.md","README.md",".md","target","1","667"
"C:\Users\USER\crypto-signal-ai_remote\node_modules\wrap-ansi-cjs\node_modules\strip-ansi\readme.md","readme.md",".md","campaign","1","1599"
"C:\Users\USER\crypto-signal-ai\node_modules\@tsconfig\node12\README.md","README.md",".md","target","1","789"
"C:\Users\USER\crypto-signal-ai\node_modules\function-bind\package.json","package.json",".json","email","1","2262"
"C:\Users\USER\crypto-signal-ai\node_modules\gaxios\package.json","package.json",".json","launch","1","3152"
"C:\Users\USER\crypto-signal-ai\node_modules\wrap-ansi\readme.md","readme.md",".md","campaign","1","2557"
"C:\Users\USER\crypto-signal-ai\node_modules\form-data\node_modules\mime-types\package.json","package.json",".json","content","1","1149"
"C:\Users\USER\crypto-signal-ai\node_modules\get-proto\tsconfig.json","tsconfig.json",".json","target","1","118"
"C:\Users\USER\crypto-signal-ai\node_modules\googleapis-common\package.json","package.json",".json","launch","1","2620"
"C:\Users\USER\crypto-signal-ai\node_modules\gopd\tsconfig.json","tsconfig.json",".json","target","1","116"
"C:\Users\USER\crypto-signal-ai\node_modules\glob\package.json","package.json",".json","content","1","2700"
"C:\Users\USER\crypto-signal-ai\node_modules\google-auth-library\package.json","package.json",".json","launch","1","2506"
"C:\Users\USER\crypto-signal-ai\node_modules\es-set-tostringtag\tsconfig.json","tsconfig.json",".json","target","1","116"
"C:\Users\USER\crypto-signal-ai\node_modules\express\package.json","package.json",".json","content","1","2693"
"C:\Users\USER\crypto-signal-ai\node_modules\es-errors\tsconfig.json","tsconfig.json",".json","target","1","3170"
"C:\Users\USER\crypto-signal-ai\node_modules\es-object-atoms\tsconfig.json","tsconfig.json",".json","target","1","81"
"C:\Users\USER\crypto-signal-ai\node_modules\extend\.jscs.json",".jscs.json",".json","conversion","1","4096"
"C:\Users\USER\crypto-signal-ai\node_modules\fast-json-stable-stringify\benchmark\test.json","test.json",".json","email","1","3965"
"C:\Users\USER\crypto-signal-ai\node_modules\foreground-child\package.json","package.json",".json","signal","1","2819"
"C:\Users\USER\crypto-signal-ai\node_modules\fast-deep-equal\package.json","package.json",".json","target","1","1496"
"C:\Users\USER\crypto-signal-ai\node_modules\fast-json-stable-stringify\package.json","package.json",".json","email","1","1309"
"C:\Users\USER\crypto-signal-ai\node_modules\make-error\package.json","package.json",".json","community","1","1544"
"C:\Users\USER\crypto-signal-ai\node_modules\mime\package.json","package.json",".json","email","1","933"
"C:\Users\USER\crypto-signal-ai\node_modules\is-fullwidth-code-point\package.json","package.json",".json","email","1","779"
"C:\Users\USER\crypto-signal-ai\node_modules\json-schema\package.json","package.json",".json","email","1","597"
"C:\Users\USER\crypto-signal-ai\node_modules\get-intrinsic\README.md","README.md",".md","email","1","2791"
"C:\Users\USER\crypto-signal-ai\node_modules\ms\package.json","package.json",".json","conversion","1","770"
"C:\Users\USER\crypto-signal-ai\node_modules\negotiator\package.json","package.json",".json","content","1","1080"
"C:\Users\USER\crypto-signal-ai\node_modules\which\CHANGELOG.md","CHANGELOG.md",".md","user","1","2833"
"C:\Users\USER\crypto-signal-ai\node_modules\mime-types\package.json","package.json",".json","content","1","1170"
"C:\Users\USER\crypto-signal-ai\node_modules\har-schema\lib\postData.json","postData.json",".json","content","1","737"
"C:\Users\USER\crypto-signal-ai\node_modules\har-schema\lib\response.json","response.json",".json","content","1","905"
"C:\Users\USER\crypto-signal-ai\node_modules\har-schema\lib\content.json","content.json",".json","content","1","459"
"C:\Users\USER\crypto-signal-ai\node_modules\har-schema\lib\pageTimings.json","pageTimings.json",".json","content","1","311"
"C:\Users\USER\crypto-signal-ai\node_modules\has-symbols\package.json","package.json",".json","email","1","2974"
"C:\Users\USER\crypto-signal-ai\node_modules\has-tostringtag\tsconfig.json","tsconfig.json",".json","target","1","3611"
"C:\Users\USER\crypto-signal-ai\node_modules\http-errors\node_modules\statuses\codes.json","codes.json",".json","content","1","1789"
"C:\Users\USER\crypto-signal-ai\node_modules\has-symbols\tsconfig.json","tsconfig.json",".json","target","1","143"
"C:\Users\USER\crypto-signal-ai\node_modules\has-tostringtag\package.json","package.json",".json","email","1","2838"
"C:\Users\USER\crypto-signal-ai\node_modules\acorn\package.json","package.json",".json","email","1","1061"
"C:\Users\USER\crypto-signal-ai\node_modules\acorn-walk\package.json","package.json",".json","email","1","1074"
"C:\Users\USER\crypto-signal-ai\node_modules\wrap-ansi-cjs\node_modules\strip-ansi\readme.md","readme.md",".md","campaign","1","1645"
"C:\Users\USER\crypto-signal-ai\node_modules\accepts\package.json","package.json",".json","content","1","1157"
"C:\Users\USER\crypto-signal-ai\node_modules\wrap-ansi-cjs\node_modules\string-width\readme.md","readme.md",".md","campaign","1","1446"
"C:\Users\USER\crypto-signal-ai\node_modules\http-errors\node_modules\statuses\HISTORY.md","HISTORY.md",".md","messaging","1","1546"
"C:\Users\USER\crypto-signal-ai\node_modules\ansi-regex\package.json","package.json",".json","email","1","1096"
"C:\Users\USER\crypto-signal-ai\node_modules\wrap-ansi-cjs\node_modules\emoji-regex\README.md","README.md",".md","twitter","1","2764"
"C:\Users\USER\crypto-signal-ai\node_modules\ajv\lib\refs\json-schema-draft-07.json","json-schema-draft-07.json",".json","content","1","4879"
"C:\Users\USER\crypto-signal-ai\node_modules\@tsconfig\node12\tsconfig.json","tsconfig.json",".json","target","1","388"
"C:\Users\USER\crypto-signal-ai\node_modules\@tsconfig\node10\tsconfig.json","tsconfig.json",".json","target","1","266"
"C:\Users\USER\crypto-signal-ai\node_modules\@tsconfig\node16\tsconfig.json","tsconfig.json",".json","target","1","334"
"C:\Users\USER\crypto-signal-ai\node_modules\@tsconfig\node14\tsconfig.json","tsconfig.json",".json","target","1","336"
"C:\Users\USER\crypto-signal-ai\node_modules\har-schema\README.md","README.md",".md","twitter","1","2117"
"C:\Users\USER\crypto-signal-ai\node_modules\has-symbols\CHANGELOG.md","CHANGELOG.md",".md","target","1","9431"
"C:\Users\USER\crypto-signal-ai\node_modules\http-errors\HISTORY.md","HISTORY.md",".md","messaging","1","3973"
"C:\Users\USER\crypto-signal-ai\tsconfig.json","tsconfig.json",".json","target","1","467"
"C:\Users\USER\crypto-signal-ai\package.json","package.json",".json","signal","1","783"
"C:\Users\USER\crypto-signal-ai\node_modules\content-type\package.json","package.json",".json","content","1","1075"
"C:\Users\USER\crypto-signal-ai\node_modules\create-require\package.json","package.json",".json","email","1","983"
"C:\Users\USER\crypto-signal-ai\node_modules\color-convert\package.json","package.json",".json","conversion","1","875"
"C:\Users\USER\crypto-signal-ai\node_modules\content-disposition\package.json","package.json",".json","content","1","1106"
"C:\Users\USER\crypto-signal-ai\node_modules\debug\package.json","package.json",".json","launch","1","1543"
"C:\Users\USER\crypto-signal-ai\node_modules\ecc-jsbn\package.json","package.json",".json","email","1","841"
"C:\Users\USER\crypto-signal-ai\node_modules\es-define-property\tsconfig.json","tsconfig.json",".json","target","1","138"
"C:\Users\USER\crypto-signal-ai\node_modules\wrap-ansi-cjs\readme.md","readme.md",".md","campaign","1","2836"
"C:\Users\USER\crypto-signal-ai\node_modules\dunder-proto\tsconfig.json","tsconfig.json",".json","target","1","116"
"C:\Users\USER\crypto-signal-ai\node_modules\balanced-match\package.json","package.json",".json","email","1","1117"
"C:\Users\USER\crypto-signal-ai\node_modules\bignumber.js\package.json","package.json",".json","email","1","1309"
"C:\Users\USER\crypto-signal-ai\node_modules\ansi-styles\package.json","package.json",".json","email","1","1110"
"C:\Users\USER\crypto-signal-ai\node_modules\axios\package.json","package.json",".json","launch","1","8258"
"C:\Users\USER\crypto-signal-ai\node_modules\bluebird\package.json","package.json",".json","email","1","2216"
"C:\Users\USER\crypto-signal-ai\node_modules\call-bind-apply-helpers\tsconfig.json","tsconfig.json",".json","target","1","115"
"C:\Users\USER\crypto-signal-ai\node_modules\call-bound\tsconfig.json","tsconfig.json",".json","target","1","137"
"C:\Users\USER\crypto-signal-ai\node_modules\body-parser\package.json","package.json",".json","content","1","1272"
"C:\Users\USER\crypto-signal-ai\node_modules\brace-expansion\package.json","package.json",".json","email","1","1184"
"C:\Users\USER\crypto-signal-ai\node_modules\wrap-ansi-cjs\package.json","package.json",".json","email","1","1076"
"C:\Users\USER\crypto-signal-ai\node_modules\wrap-ansi-cjs\node_modules\ansi-regex\package.json","package.json",".json","email","1","896"
"C:\Users\USER\crypto-signal-ai\node_modules\wrap-ansi\package.json","package.json",".json","email","1","1217"
"C:\Users\USER\crypto-signal-ai\node_modules\wrap-ansi\node_modules\ansi-styles\package.json","package.json",".json","email","1","1075"
"C:\Users\USER\crypto-signal-ai\node_modules\wrap-ansi-cjs\node_modules\string-width\package.json","package.json",".json","email","1","997"
"C:\Users\USER\crypto-signal-ai\node_modules\type-is\README.md","README.md",".md","content","1","6504"
"C:\Users\USER\crypto-signal-ai\node_modules\iconv-lite\Changelog.md","Changelog.md",".md","conversion","1","6581"
"C:\Users\USER\crypto-signal-ai\node_modules\wrap-ansi-cjs\node_modules\strip-ansi\package.json","package.json",".json","email","1","852"
"C:\Users\USER\crypto-signal-ai\node_modules\yn\package.json","package.json",".json","email","1","615"
"C:\Users\USER\crypto-signal-ai\node_modules\foreground-child\README.md","README.md",".md","signal","1","4616"
"C:\Users\USER\crypto-signal-ai\node_modules\follow-redirects\README.md","README.md",".md","user","1","6456"
"C:\Users\USER\crypto-signal-ai\node_modules\v8-compile-cache-lib\CHANGELOG.md","CHANGELOG.md",".md","user","1","2004"
"C:\Users\USER\crypto-signal-ai\node_modules\uri-js\README.md","README.md",".md","user","1","6416"
"C:\Users\USER\crypto-signal-ai\node_modules\finalhandler\README.md","README.md",".md","content","1","4120"
"C:\Users\USER\crypto-signal-ai\node_modules\typescript\SECURITY.md","SECURITY.md",".md","email","1","2697"
"C:\Users\USER\crypto-signal-ai\node_modules\url-template\uritemplate-test\negative-tests.json","negative-tests.json",".json","user","1","2281"
"C:\Users\USER\crypto-signal-ai\node_modules\finalhandler\HISTORY.md","HISTORY.md",".md","content","1","5289"
"C:\Users\USER\crypto-signal-ai\node_modules\undici-types\README.md","README.md",".md","user","1","461"
"C:\Users\USER\crypto-signal-ai\node_modules\string-width-cjs\readme.md","readme.md",".md","campaign","1","1446"
"C:\Users\USER\crypto-signal-ai\node_modules\string-width\readme.md","readme.md",".md","campaign","1","1800"
"C:\Users\USER\crypto-signal-ai\node_modules\isstream\.travis.yml",".travis.yml",".yml","email","1","150"
"C:\Users\USER\crypto-signal-ai\node_modules\isstream\README.md","README.md",".md","twitter","1","2424"
"C:\Users\USER\crypto-signal-ai\node_modules\statuses\HISTORY.md","HISTORY.md",".md","messaging","1","1628"
"C:\Users\USER\crypto-signal-ai\node_modules\side-channel-weakmap\README.md","README.md",".md","strategy","1","2342"
"C:\Users\USER\crypto-signal-ai\node_modules\side-channel-map\README.md","README.md",".md","strategy","1","2278"
"C:\Users\USER\crypto-signal-ai\node_modules\json-bigint\README.md","README.md",".md","user","1","8837"
"C:\Users\USER\crypto-signal-ai\node_modules\signal-exit\README.md","README.md",".md","signal","1","2500"
"C:\Users\USER\crypto-signal-ai\node_modules\ts-node\dist-raw\README.md","README.md",".md","user","1","1901"
"C:\Users\USER\crypto-signal-ai\node_modules\inherits\README.md","README.md",".md","plan","1","1667"
"C:\Users\USER\crypto-signal-ai\node_modules\tweetnacl\CHANGELOG.md","CHANGELOG.md",".md","conversion","1","5904"
"C:\Users\USER\crypto-signal-ai\node_modules\tweetnacl\AUTHORS.md","AUTHORS.md",".md","user","1","875"
"C:\Users\USER\crypto-signal-ai\node_modules\ipaddr.js\README.md","README.md",".md","conversion","1","8309"
"C:\Users\USER\crypto-signal-ai\node_modules\string-width-cjs\node_modules\strip-ansi\readme.md","readme.md",".md","campaign","1","1645"
"C:\Users\USER\crypto-signal-ai\node_modules\string-width-cjs\node_modules\emoji-regex\README.md","README.md",".md","twitter","1","2764"
"C:\Users\USER\crypto-signal-ai\node_modules\isexe\README.md","README.md",".md","user","1","1446"
"C:\Users\USER\crypto-signal-ai\node_modules\strip-ansi-cjs\readme.md","readme.md",".md","campaign","1","1645"
"C:\Users\USER\crypto-signal-ai\node_modules\safer-buffer\package.json","package.json",".json","email","1","822"
"C:\Users\USER\crypto-signal-ai\node_modules\shebang-command\package.json","package.json",".json","email","1","592"
"C:\Users\USER\crypto-signal-ai\node_modules\request\node_modules\qs\package.json","package.json",".json","email","1","1732"
"C:\Users\USER\crypto-signal-ai\node_modules\safe-buffer\package.json","package.json",".json","email","1","1057"
"C:\Users\USER\crypto-signal-ai\node_modules\shebang-regex\package.json","package.json",".json","email","1","617"
"C:\Users\USER\crypto-signal-ai\node_modules\side-channel-map\tsconfig.json","tsconfig.json",".json","target","1","116"
"C:\Users\USER\crypto-signal-ai\node_modules\side-channel-weakmap\tsconfig.json","tsconfig.json",".json","target","1","116"
"C:\Users\USER\crypto-signal-ai\node_modules\side-channel\tsconfig.json","tsconfig.json",".json","target","1","116"
"C:\Users\USER\crypto-signal-ai\node_modules\side-channel-list\tsconfig.json","tsconfig.json",".json","target","1","116"
"C:\Users\USER\crypto-signal-ai\node_modules\object-inspect\package.json","package.json",".json","email","1","2841"
"C:\Users\USER\crypto-signal-ai\node_modules\path-key\package.json","package.json",".json","email","1","689"
"C:\Users\USER\crypto-signal-ai\node_modules\object-assign\package.json","package.json",".json","email","1","764"
"C:\Users\USER\crypto-signal-ai\node_modules\object-inspect\package-support.json","package-support.json",".json","target","1","365"
"C:\Users\USER\crypto-signal-ai\node_modules\psl\types\tsconfig.json","tsconfig.json",".json","target","1","399"
"C:\Users\USER\crypto-signal-ai\node_modules\function-bind\.github\SECURITY.md","SECURITY.md",".md","email","1","157"
"C:\Users\USER\crypto-signal-ai\node_modules\request\node_modules\mime-types\package.json","package.json",".json","content","1","1149"
"C:\Users\USER\crypto-signal-ai\node_modules\qs\package.json","package.json",".json","email","1","3137"
"C:\Users\USER\crypto-signal-ai\node_modules\request\package.json","package.json",".json","launch","1","2085"
"C:\Users\USER\crypto-signal-ai\node_modules\ts-node\tsconfig.schema.json","tsconfig.schema.json",".json","target","1","10581"
"C:\Users\USER\crypto-signal-ai\node_modules\forwarded\README.md","README.md",".md","user","1","1654"
"C:\Users\USER\crypto-signal-ai\node_modules\tough-cookie\package.json","package.json",".json","email","1","1757"
"C:\Users\USER\crypto-signal-ai\node_modules\ts-node\package.json","package.json",".json","email","1","6077"
"C:\Users\USER\crypto-signal-ai\node_modules\twit\package.json","package.json",".json","twitter","1","814"
"C:\Users\USER\crypto-signal-ai\node_modules\form-data\node_modules\mime-types\README.md","README.md",".md","content","1","3481"
"C:\Users\USER\crypto-signal-ai\node_modules\form-data\node_modules\mime-db\README.md","README.md",".md","community","1","4091"
"C:\Users\USER\crypto-signal-ai\node_modules\type-is\package.json","package.json",".json","content","1","1236"
"C:\Users\USER\crypto-signal-ai\node_modules\verror\README.md","README.md",".md","user","1","21123"
"C:\Users\USER\crypto-signal-ai\node_modules\statuses\codes.json","codes.json",".json","content","1","1789"
"C:\Users\USER\crypto-signal-ai\node_modules\string-width\package.json","package.json",".json","email","1","1103"
"C:\Users\USER\crypto-signal-ai\node_modules\signal-exit\package.json","package.json",".json","signal","1","2679"
"C:\Users\USER\crypto-signal-ai\node_modules\sshpk\package.json","package.json",".json","email","1","1274"
"C:\Users\USER\crypto-signal-ai\node_modules\string-width-cjs\package.json","package.json",".json","email","1","997"
"C:\Users\USER\crypto-signal-ai\node_modules\strip-ansi-cjs\package.json","package.json",".json","email","1","852"
"C:\Users\USER\crypto-signal-ai\node_modules\strip-ansi-cjs\node_modules\ansi-regex\package.json","package.json",".json","email","1","896"
"C:\Users\USER\crypto-signal-ai\node_modules\string-width-cjs\node_modules\ansi-regex\package.json","package.json",".json","email","1","896"
"C:\Users\USER\crypto-signal-ai\node_modules\strip-ansi\package.json","package.json",".json","email","1","1022"
